{"cameraMode":{"drawMode":0,"name":"Shaded","section":"Shading Mode"},"sceneLighting":false,"audioPlay":false,"sceneViewState":{"showFog":true,"showMaterialUpdate":false,"showSkybox":false,"showFlares":true,"showImageEffects":true,"showParticleSystems":true},"in2DMode":false,"pivot":{"x":-39.91267395019531,"y":31.449310302734376,"z":-39.56188201904297},"rotation":{"x":0.1901887059211731,"y":-0.7303274869918823,"z":0.2254352569580078,"w":0.6161409616470337},"size":4.8543925285339359,"orthographic":false}